name,definition,category,slug
Absentee Voting,A voting method that allows citizens to vote without being physically present at the polling station.,Political Systems & Governance,absentee-voting
Absolute Monarchy,A monarchy where the ruler holds supreme authority not restricted by laws or legislature.,Political Systems & Governance,absolute-monarchy
Access to Resources,"The availability of financial, institutional, or informational support for political actors or institutions.",Political Systems & Governance,access-to-resources
Accountability,The obligation of political actors to answer for their actions and decisions to the public and institutions.,Political Systems & Governance,accountability
Accountability and Effectiveness,Measures of how well governments perform and respond to public needs while being held responsible.,Political Systems & Governance,accountability-and-effectiveness
Administrative Efficiency,The ability of bureaucracies and institutions to function with minimal waste and high productivity.,Political Systems & Governance,administrative-efficiency
Administrative Law,Legal rules governing the actions of government agencies.,Political Systems & Governance,administrative-law
Administrative Reform,Changes aimed at improving efficiency in public administration.,Political Systems & Governance,administrative-reform
Administrative State,A government heavily run through its bureaucratic institutions.,Political Systems & Governance,administrative-state
AI-Powered Assistants,Technological tools using artificial intelligence to support digital governance and decision-making.,Political Systems & Governance,ai-powered-assistants
Alternative Government,A proposed or informal governing body created by the opposition as a counter to the ruling government.,Political Systems & Governance,alternative-government
Alternative Policies,Policy proposals or solutions offered by political actors outside of the current administration.,Political Systems & Governance,alternative-policies
Amendment,A formal change or addition proposed or made to a constitution or law.,Political Systems & Governance,amendment
Anarcho-Communism,A stateless society based on voluntary cooperation and shared ownership.,Political Systems & Governance,anarcho-communism
Anarchy,The absence of formal government or authority.,Political Systems & Governance,anarchy
Anti-Corruption,"Efforts and measures aimed at preventing, detecting, and punishing corruption in governance.",Political Systems & Governance,anti-corruption
Anti-Corruption Reform,Legislative and institutional changes intended to reduce corruption in public administration.,Political Systems & Governance,anti-corruption-reform
Anti-Discrimination Laws,Legislation designed to protect individuals and groups from unfair treatment based on identity.,Political Systems & Governance,anti-discrimination-laws
Approval Rating,A measure of public support for a political figure.,Political Systems & Governance,approval-rating
Aristocracy,A form of government in which power is held by the nobility.,Political Systems & Governance,aristocracy
Auditing Agencies,Organizations responsible for examining the use of public funds to ensure transparency and accountability.,Political Systems & Governance,auditing-agencies
Authoritarian Capitalism,An economic system combining a free market with authoritarian governance.,Political Systems & Governance,authoritarian-capitalism
Authoritarian Communism,A political system combining centralized control with Marxist-Leninist ideology.,Political Systems & Governance,authoritarian-communism
Authoritarian Systems,Governments characterized by strong central power and limited political freedoms.,Political Systems & Governance,authoritarian-systems
Authoritarianism,Strong central power with limited political freedoms.,Political Systems & Governance,authoritarianism
Authoritarianism and Democracy,A hybrid political model combining elements of democratic procedures with authoritarian rule.,Political Systems & Governance,authoritarianism-and-democracy
Authority Among Groups,The distribution of political power across various groups in a governance system.,Political Systems & Governance,authority-among-groups
Authority in Central Government,The concentration of decision-making and power at the national level.,Political Systems & Governance,authority-in-central-government
Autocracy,A system of government by one person with absolute power.,Political Systems & Governance,autocracy
Autonomous Region,A region with a degree of self-governance separate from the central authority.,Political Systems & Governance,autonomous-region
Ballot Access,Rules governing who can appear on election ballots.,Political Systems & Governance,ballot-access
Ballot Harvesting,Collecting completed ballots to submit them on behalf of voters.,Political Systems & Governance,ballot-harvesting
Ballot Initiative,A process that allows citizens to propose legislation by petition.,Political Systems & Governance,ballot-initiative
Bicameral Legislature,A legislature composed of two separate chambers or houses.,Political Systems & Governance,bicameral-legislature
Bill Debate Timing,The scheduled time for legislative discussions on proposed laws.,Political Systems & Governance,bill-debate-timing
Bipartisanship,Cooperation between major political parties to pass legislation or govern effectively.,Political Systems & Governance,bipartisanship
Budget Compromise,A negotiated agreement between political actors to pass a government budget.,Political Systems & Governance,budget-compromise
Bureaucracy,A system of administration marked by officialism and fixed rules.,Political Systems & Governance,bureaucracy
Bureaucratic State,A state characterized by a rigid and complex administrative system.,Political Systems & Governance,bureaucratic-state
Cabinet,"A group of high-ranking government officials, typically heading executive departments.",Political Systems & Governance,cabinet
Campaign Ethics,Standards and rules guiding the conduct of political campaigns.,Political Systems & Governance,campaign-ethics
Campaign Finance,Funds raised and spent to influence political campaigns.,Political Systems & Governance,campaign-finance
Campaign Finance Laws,Regulations governing the funding and expenditures of political campaigns.,Political Systems & Governance,campaign-finance-laws
Campaign Strategy,A plan to influence voters and win an election.,Political Systems & Governance,campaign-strategy
Campaign Trail,The route and events followed by a candidate during election season.,Political Systems & Governance,campaign-trail
Capitalism,An economic system based on private ownership and free markets.,Political Systems & Governance,capitalism
Capitalist Ownership,The private control of property and production for profit within a capitalist economy.,Political Systems & Governance,capitalist-ownership
Caretaker Functions,Limited duties performed by a temporary government until a new one is elected.,Political Systems & Governance,caretaker-functions
Caretaker Government,An interim government managing affairs until a new one is formed.,Political Systems & Governance,caretaker-government
Caretaker Prime Minister,A temporary leader maintaining government functions during transitions.,Political Systems & Governance,caretaker-prime-minister
Caucus,A meeting of party members to select candidates or decide policy.,Political Systems & Governance,caucus
Central Authority,The governing power located at the top of a political or administrative hierarchy.,Political Systems & Governance,central-authority
Central Government Role,The responsibilities and functions carried out by a national-level government.,Political Systems & Governance,central-government-role
Centralization,The process of concentrating political power and decision-making in a central authority.,Political Systems & Governance,centralization
Centralized Government,A government structure where all major decisions are made by a single national authority.,Political Systems & Governance,centralized-government
Centrism,Political ideology focused on moderation and avoiding extremes.,Political Systems & Governance,centrism
Challenger,A political candidate who runs against an incumbent for public office.,Political Systems & Governance,challenger
Checks and Balances,Mechanisms to prevent one branch of government from becoming too powerful.,Political Systems & Governance,checks-and-balances
Citizen Assembly,A representative group of citizens convened to deliberate policy.,Political Systems & Governance,citizen-assembly
Citizen Confidence,The trust citizens have in political institutions and leadership.,Political Systems & Governance,citizen-confidence
Citizen Consent,"The approval of governance by the governed, often expressed through elections.",Political Systems & Governance,citizen-consent
Citizen Participation,"Involvement of individuals in political processes such as voting, protests, or policymaking.",Political Systems & Governance,citizen-participation
Citizen Petition,A formal request signed by citizens to influence government action or initiate legislation.,Political Systems & Governance,citizen-petition
Citizen Preferences,The opinions and policy desires expressed by the public through surveys or voting.,Political Systems & Governance,citizen-preferences
Citizenship,Legal status granting an individual rights and responsibilities within a political community.,Political Systems & Governance,citizenship
Civic Accountability,The process of holding government officials and institutions responsible to the public.,Political Systems & Governance,civic-accountability
Civic Engagement,Participation in the political and community activities of a society.,Political Systems & Governance,civic-engagement
Civic Virtue,Moral standards expected of citizens in a republic.,Political Systems & Governance,civic-virtue
Civil Code,A comprehensive set of laws governing private rights and matters.,Political Systems & Governance,civil-code
Civil Disobedience,Refusal to obey certain laws as a peaceful form of political protest.,Political Systems & Governance,civil-disobedience
Civil Liberties,Fundamental rights and freedoms protected from government interference.,Political Systems & Governance,civil-liberties
Civil Resistance,"Nonviolent opposition to authority, often for political change.",Political Systems & Governance,civil-resistance
Civil Rights,Basic legal protections and freedoms granted to individuals in a democratic society.,Political Systems & Governance,civil-rights
Civil Rights Movements,Collective efforts to expand and protect the rights of marginalized groups.,Political Systems & Governance,civil-rights-movements
Civil Service,A professional body of government employees tasked with implementing public policies.,Political Systems & Governance,civil-service
Civil Society,Organizations and institutions that operate independently of the government.,Political Systems & Governance,civil-society
Class System,A social hierarchy often reflected in or reinforced by political and economic structures.,Political Systems & Governance,class-system
Classify Political Ideologies,The act of organizing political beliefs into structured categories.,Political Systems & Governance,classify-political-ideologies
Clerical and Civil Authority,Shared governance between religious leaders and elected officials.,Political Systems & Governance,clerical-and-civil-authority
Clientelism,Political support given in exchange for material benefits.,Political Systems & Governance,clientelism
Clientelist Systems,Political arrangements where material goods or favors are exchanged for electoral support.,Political Systems & Governance,clientelist-systems
Climate Activism,Political advocacy aimed at addressing climate change through policy and reform.,Political Systems & Governance,climate-activism
Closed List System,An electoral system where parties control the order of candidates elected.,Political Systems & Governance,closed-list-system
Coalition Government,A government formed by multiple political parties sharing power.,Political Systems & Governance,coalition-government
Coalition Partners,Political parties or actors that join together to form a governing coalition.,Political Systems & Governance,coalition-partners
Codification of Laws,The process of organizing and systematizing legal rules into a formal code.,Political Systems & Governance,codification-of-laws
Codified Law,A written and organized set of legal statutes that govern society.,Political Systems & Governance,codified-law
Colonialism,"Control of one nation by another, often by settlement or exploitation.",Political Systems & Governance,colonialism
Committees,Sub-groups within a legislative body tasked with reviewing and refining legislation.,Political Systems & Governance,committees
Communism,A classless system where property is owned communally.,Political Systems & Governance,communism
Communist Party Structure,The organizational framework of a ruling or influential communist party.,Political Systems & Governance,communist-party-structure
Comparative Politics,A subfield of political science that compares different political systems and institutions.,Political Systems & Governance,comparative-politics
Compulsory Voting,Legal requirement for eligible citizens to vote.,Political Systems & Governance,compulsory-voting
Confidence and Supply,An agreement where a party supports the government in exchange for policy concessions.,Political Systems & Governance,confidence-and-supply
Consensus Democracy,A system aiming for broad agreement among diverse groups.,Political Systems & Governance,consensus-democracy
Conservatism,A political philosophy promoting traditional values and institutions.,Political Systems & Governance,conservatism
Constituency,A body of voters in a specified area who elect a representative.,Political Systems & Governance,constituency
Constituent Assembly,A body elected to draft or adopt a new constitution.,Political Systems & Governance,constituent-assembly
Constitution,A foundational legal document outlining a government’s structure and principles.,Political Systems & Governance,constitution
Constitutional Amendment,A formal change made to a constitution.,Political Systems & Governance,constitutional-amendment
Constitutional Checks,Mechanisms to limit government power through law.,Political Systems & Governance,constitutional-checks
Constitutional Convention,A gathering to draft or revise a nation's constitution.,Political Systems & Governance,constitutional-convention
Constitutional Crisis,A situation where constitutional provisions are unable to resolve political disputes.,Political Systems & Governance,constitutional-crisis
Constitutional Law,Law that defines the structure and function of government institutions.,Political Systems & Governance,constitutional-law
Constitutional Monarchy,A monarchy limited by laws or a constitution.,Political Systems & Governance,constitutional-monarchy
Constitutional Monarchy with Parliament,A monarchy with legislative powers held by an elected body.,Political Systems & Governance,constitutional-monarchy-with-parliament
Constitutional Reform,Changes made to a constitution to update or improve governance.,Political Systems & Governance,constitutional-reform
Constitutional Safeguards,Legal protections enshrined in a constitution to uphold rights and prevent abuse.,Political Systems & Governance,constitutional-safeguards
Constitutional Tribunal,A high court that reviews laws for constitutional compliance.,Political Systems & Governance,constitutional-tribunal
Coup d'état,"A sudden, violent overthrow of an existing government.",Political Systems & Governance,coup-d-tat
Cross-Voting,When a legislator votes against their party’s official position.,Political Systems & Governance,cross-voting
Crossbenchers,Legislators not aligned with the government or opposition.,Political Systems & Governance,crossbenchers
Cyber Democracy,Digital platforms enabling political participation.,Political Systems & Governance,cyber-democracy
Dark Money,Political spending by undisclosed donors or sources.,Political Systems & Governance,dark-money
De Facto Government,A government that exercises power regardless of legal legitimacy.,Political Systems & Governance,de-facto-government
De Jure Government,A government that is legally recognized regardless of actual control.,Political Systems & Governance,de-jure-government
Decentralization,The distribution of power from central to local governments.,Political Systems & Governance,decentralization
Decree,An official order issued by a legal authority.,Political Systems & Governance,decree
Deliberative Assembly,A body that debates and decides collective policies.,Political Systems & Governance,deliberative-assembly
Deliberative Democracy,A system focused on reasoned debate before decisions are made.,Political Systems & Governance,deliberative-democracy
Delimitation,Redrawing boundaries of electoral constituencies.,Political Systems & Governance,delimitation
Democracy,"A system of government by the whole population, usually through elected representatives.",Political Systems & Governance,democracy
Democratic Centralism,A Leninist principle combining central leadership with internal democracy.,Political Systems & Governance,democratic-centralism
Devolution,The transfer of powers from a central government to regional or local governments.,Political Systems & Governance,devolution
Digital Ballot,A secure online method for casting votes.,Political Systems & Governance,digital-ballot
Digital Governance,Use of technology in delivering government services.,Political Systems & Governance,digital-governance
Direct Democracy,A system where citizens vote directly on laws.,Political Systems & Governance,direct-democracy
Dual Mandate,When a politician holds two elected positions simultaneously.,Political Systems & Governance,dual-mandate
Election Day,The official day on which elections are held.,Political Systems & Governance,election-day
Electioneering,The act of campaigning in an election.,Political Systems & Governance,electioneering
Electoral College,A body of representatives that formally elects the president.,Political Systems & Governance,electoral-college
Electoral College Reform,Proposals to change the method of electing the president.,Political Systems & Governance,electoral-college-reform
Electoral College Vote,The formal vote that elects the president in certain systems.,Political Systems & Governance,electoral-college-vote
Electoral Commission,A body overseeing the conduct of elections.,Political Systems & Governance,electoral-commission
Electoral Commission Independence,The impartiality of the body overseeing elections.,Political Systems & Governance,electoral-commission-independence
Electoral Dispute,A disagreement arising from the conduct or results of an election.,Political Systems & Governance,electoral-dispute
Electoral District,A geographical area represented by an elected official.,Political Systems & Governance,electoral-district
Electoral Fraud,Illegal interference with the process of an election.,Political Systems & Governance,electoral-fraud
Electoral Integrity,The extent to which elections are free and fair.,Political Systems & Governance,electoral-integrity
Electoral Observation,Monitoring elections to ensure transparency and fairness.,Political Systems & Governance,electoral-observation
Electoral Quota,A rule that sets minimum representation for a group in elected bodies.,Political Systems & Governance,electoral-quota
Electoral Reform,Changes aimed at improving the electoral process.,Political Systems & Governance,electoral-reform
Electoral System,The method by which votes are counted and representatives are selected.,Political Systems & Governance,electoral-system
Electoral Threshold,The minimum share of votes required to win representation.,Political Systems & Governance,electoral-threshold
Electoral Violence,Acts of violence aimed at influencing electoral processes.,Political Systems & Governance,electoral-violence
Ethics Committee,A body that investigates ethical violations in government.,Political Systems & Governance,ethics-committee
Executive Branch,The part of government responsible for implementing laws and managing operations.,Political Systems & Governance,executive-branch
Factionalism,Internal divisions within a political party or movement.,Political Systems & Governance,factionalism
Federal Budget,The government’s plan for revenue and spending for a fiscal year.,Political Systems & Governance,federal-budget
Federalism,A system where power is divided between a central and regional governments.,Political Systems & Governance,federalism
Feudalism,A medieval system based on land ownership and obligations.,Political Systems & Governance,feudalism
Filibuster,A tactic for delaying legislative action by prolonged speech.,Political Systems & Governance,filibuster
First-Past-the-Post,An electoral system where the candidate with the most votes wins.,Political Systems & Governance,first-past-the-post
Foreign Interference,External influence intended to affect domestic political outcomes.,Political Systems & Governance,foreign-interference
Gag Rule,A regulation preventing open discussion on certain topics in legislative bodies.,Political Systems & Governance,gag-rule
Gerrymandering,Manipulating electoral district boundaries to favor a political party.,Political Systems & Governance,gerrymandering
Governance Index,A measure used to evaluate the effectiveness of governance.,Political Systems & Governance,governance-index
Governing Coalition,An alliance of parties forming a majority to govern.,Political Systems & Governance,governing-coalition
Government Accountability,The obligation of officials to be answerable for their actions.,Political Systems & Governance,government-accountability
Government Accountability Office,An agency that monitors the spending of public funds and government performance.,Political Systems & Governance,government-accountability-office
Government Shutdown,A closure of non-essential government services due to lack of funding.,Political Systems & Governance,government-shutdown
Grand Coalition,A broad alliance between major political parties.,Political Systems & Governance,grand-coalition
Grassroots Movement,A political movement driven by the constituents of a community.,Political Systems & Governance,grassroots-movement
Green Politics,A movement focusing on environmental issues and social justice.,Political Systems & Governance,green-politics
Gubernatorial Power,Authority exercised by a governor.,Political Systems & Governance,gubernatorial-power
Habeas Corpus,A legal principle that protects individuals from unlawful detention.,Political Systems & Governance,habeas-corpus
Home Rule,Limited self-government granted to a dependent political unit.,Political Systems & Governance,home-rule
Hybrid Regime,A government combining democratic and authoritarian elements.,Political Systems & Governance,hybrid-regime
Illiberal Democracy,A regime with elections but lacking civil liberties.,Political Systems & Governance,illiberal-democracy
Impeachment,The process of charging a public official with misconduct.,Political Systems & Governance,impeachment
Imperialism,A policy of extending a country’s power through colonization or conquest.,Political Systems & Governance,imperialism
Incumbency,The holding of an office or the period during which one is held.,Political Systems & Governance,incumbency
Incumbency Advantage,The benefit enjoyed by existing office holders during elections.,Political Systems & Governance,incumbency-advantage
Incumbent,A person currently holding a political office.,Political Systems & Governance,incumbent
Initiative,A process allowing citizens to propose laws or amendments for a public vote.,Political Systems & Governance,initiative
Interim Government,A temporary government established during political transition.,Political Systems & Governance,interim-government
Interpellation,A formal request by a legislator for explanation from a government minister.,Political Systems & Governance,interpellation
Judicial Activism,When judges are perceived to create law through rulings.,Political Systems & Governance,judicial-activism
Judicial Appointment,The process of selecting judges for courts.,Political Systems & Governance,judicial-appointment
Judicial Independence,The principle that the judiciary should be free from external influence.,Political Systems & Governance,judicial-independence
Judicial Inquiry,A legal investigation ordered to examine public concerns.,Political Systems & Governance,judicial-inquiry
Judicial Review,The power of courts to invalidate laws conflicting with a constitution.,Political Systems & Governance,judicial-review
Judiciary,The branch of government responsible for interpreting laws and administering justice.,Political Systems & Governance,judiciary
Left-wing Politics,Political positions that advocate social equality and government intervention.,Political Systems & Governance,left-wing-politics
Legal Tender Law,A statute defining official currency that must be accepted for debts.,Political Systems & Governance,legal-tender-law
Legalism,A philosophy advocating strict adherence to law as the basis of governance.,Political Systems & Governance,legalism
Legislative Calendar,The schedule outlining dates for parliamentary sessions.,Political Systems & Governance,legislative-calendar
Legislative Deadlock,Failure of legislative bodies to agree on proposed laws.,Political Systems & Governance,legislative-deadlock
Legislative Docket,A list of legislative proposals scheduled for consideration.,Political Systems & Governance,legislative-docket
Legislative Oversight,Legislature’s monitoring of executive branch activities.,Political Systems & Governance,legislative-oversight
Legislature,The branch of government that creates laws.,Political Systems & Governance,legislature
Legitimacy,"The recognized right to rule, often derived from law, tradition, or consent.",Political Systems & Governance,legitimacy
Liberal Democracy,A representative democracy with protections for individual freedoms.,Political Systems & Governance,liberal-democracy
Libertarianism,An ideology emphasizing individual freedom and limited government.,Political Systems & Governance,libertarianism
Lobbying,Attempting to influence government decisions by advocacy groups.,Political Systems & Governance,lobbying
Majoritarianism,The majority’s preference takes precedence in governance.,Political Systems & Governance,majoritarianism
Majority Rule,A principle where the decision of more than half prevails.,Political Systems & Governance,majority-rule
Mandate,"An official order or commission to do something, especially in governance.",Political Systems & Governance,mandate
Mandate Theory,The belief that election winners have authorization to implement policies.,Political Systems & Governance,mandate-theory
Martial Law,Temporary rule by military authorities during emergencies or unrest.,Political Systems & Governance,martial-law
Media Bias,The perception or reality of favoritism in news coverage.,Political Systems & Governance,media-bias
Media Regulation,Laws governing the behavior of news and broadcasting outlets.,Political Systems & Governance,media-regulation
Military Junta,A government led by military officers.,Political Systems & Governance,military-junta
Ministerial Ethics,Standards of conduct expected of government ministers.,Political Systems & Governance,ministerial-ethics
Ministerial Responsibility,The accountability of ministers to the legislature for their actions.,Political Systems & Governance,ministerial-responsibility
Ministerial System,A structure where government departments are led by individual ministers.,Political Systems & Governance,ministerial-system
Minority Government,A government where the ruling party holds fewer seats than the opposition.,Political Systems & Governance,minority-government
Minority Rights,Legal protections for groups not in the majority.,Political Systems & Governance,minority-rights
Mixed-Member Proportional System,A system combining direct and proportional representation.,Political Systems & Governance,mixed-member-proportional-system
Monarchy,"A government ruled by a king or queen, often hereditary.",Political Systems & Governance,monarchy
Motion of Censure,A formal statement of disapproval toward a government or official.,Political Systems & Governance,motion-of-censure
Multi-party System,A system with multiple political parties competing for power.,Political Systems & Governance,multi-party-system
Nation-State,A sovereign state whose citizens share common cultural or national identity.,Political Systems & Governance,nation-state
National Unity Government,A coalition of all major political parties during crisis.,Political Systems & Governance,national-unity-government
Nationalism,Loyalty and devotion to one's nation.,Political Systems & Governance,nationalism
Neo-Colonialism,Indirect control through economic or political pressure.,Political Systems & Governance,neo-colonialism
No-Confidence Motion,A formal statement that the legislature no longer supports the executive.,Political Systems & Governance,no-confidence-motion
Non-Governmental Organization,An independent group that addresses social or political issues.,Political Systems & Governance,non-governmental-organization
Nonpartisan Politics,Political engagement free from party affiliations.,Political Systems & Governance,nonpartisan-politics
Oligarchy,"A government controlled by a small, powerful group.",Political Systems & Governance,oligarchy
Ombudsman,An independent official who investigates complaints against the government.,Political Systems & Governance,ombudsman
One-man Rule,A government dominated by a single individual.,Political Systems & Governance,one-man-rule
Open List Proportional Representation,An electoral system allowing voters to influence candidate order.,Political Systems & Governance,open-list-proportional-representation
Opposition,Political parties or groups that challenge the policies of those in power.,Political Systems & Governance,opposition
Ordinance,A local law enacted by a municipal government.,Political Systems & Governance,ordinance
Parliament,A legislative body responsible for making laws and overseeing the government.,Political Systems & Governance,parliament
Parliamentary System,A democratic form where the executive derives authority from the legislature.,Political Systems & Governance,parliamentary-system
Participatory Democracy,A model emphasizing broad participation in political decision-making.,Political Systems & Governance,participatory-democracy
Party Platform,A set of principles and policies endorsed by a political party.,Political Systems & Governance,party-platform
Patronage,The power to give government jobs to supporters and allies.,Political Systems & Governance,patronage
Petition,A formal written request to an authority for action or redress.,Political Systems & Governance,petition
Plebiscite,A direct vote by the electorate on an important public question.,Political Systems & Governance,plebiscite
Plural Executive,A system where multiple officials share executive authority.,Political Systems & Governance,plural-executive
Plural Voting,A voting system where individuals may cast more than one vote.,Political Systems & Governance,plural-voting
Pluralism,A political system recognizing diverse interests and groups.,Political Systems & Governance,pluralism
Plurality Voting,An electoral system where the candidate with the most votes wins.,Political Systems & Governance,plurality-voting
Plutocracy,A society ruled or controlled by the wealthy.,Political Systems & Governance,plutocracy
Policy Window,A moment when conditions allow for significant policy change.,Political Systems & Governance,policy-window
Political Advertising,Media used to promote political candidates or policies.,Political Systems & Governance,political-advertising
Political Amnesty,"A pardon for political offenses, usually by the government.",Political Systems & Governance,political-amnesty
Political Apathy,Lack of interest or concern in political activities.,Political Systems & Governance,political-apathy
Political Assassination,The targeted killing of a political figure.,Political Systems & Governance,political-assassination
Political Capital,"The trust, goodwill, and influence a politician has to push policies.",Political Systems & Governance,political-capital
Political Debates,Public discussions between candidates outlining their positions.,Political Systems & Governance,political-debates
Political Dynasty,A family that maintains political power across generations.,Political Systems & Governance,political-dynasty
Political Efficacy,Belief that one’s political participation makes a difference.,Political Systems & Governance,political-efficacy
Political Endorsement,A public declaration of support for a candidate or policy.,Political Systems & Governance,political-endorsement
Political Equality,The principle that all citizens have equal political rights and influence.,Political Systems & Governance,political-equality
Political Feasibility,Assessment of whether a policy is likely to gain support.,Political Systems & Governance,political-feasibility
Political Gridlock,A situation where differing parties prevent progress in governance.,Political Systems & Governance,political-gridlock
Political Ideology,A set of beliefs about the best political system or policy approach.,Political Systems & Governance,political-ideology
Political Immunity,Legal protection for politicians against prosecution during office.,Political Systems & Governance,political-immunity
Political Legitimacy,The rightful authority of a government as accepted by the people.,Political Systems & Governance,political-legitimacy
Political Moderation,Avoidance of extreme views and advocacy for balanced solutions.,Political Systems & Governance,political-moderation
Political Neutrality,The principle of not favoring any political party or position.,Political Systems & Governance,political-neutrality
Political Party,An organized group seeking to gain power through elections.,Political Systems & Governance,political-party
Political Patronage,The practice of rewarding supporters with government positions.,Political Systems & Governance,political-patronage
Political Polarization,Sharp division of political attitudes to ideological extremes.,Political Systems & Governance,political-polarization
Political Realignment,A major shift in the political system or party dominance.,Political Systems & Governance,political-realignment
Political Realism,A theory focusing on power and national interest in politics.,Political Systems & Governance,political-realism
Political Satire,Humor used to criticize politics or politicians.,Political Systems & Governance,political-satire
Political Science,"The academic discipline studying governments, policies, and political behavior.",Political Systems & Governance,political-science
Political Socialization,The process by which individuals acquire political beliefs and values.,Political Systems & Governance,political-socialization
Political Spectrum,A system for classifying different political positions across ideologies.,Political Systems & Governance,political-spectrum
Political Succession,The process of transferring leadership in a political system.,Political Systems & Governance,political-succession
Populism,Political ideas aiming to represent the common people.,Political Systems & Governance,populism
Pork Barrel Politics,Government spending for localized projects to gain political support.,Political Systems & Governance,pork-barrel-politics
Power Centralization,The concentration of political authority in a central government.,Political Systems & Governance,power-centralization
Power Sharing,A political arrangement in which different groups share authority.,Political Systems & Governance,power-sharing
Power Vacuum,A condition where there is no clear authority or leadership.,Political Systems & Governance,power-vacuum
Presidential System,A government led by a president who is separate from the legislature.,Political Systems & Governance,presidential-system
Presidential Veto,The president’s power to reject legislation.,Political Systems & Governance,presidential-veto
Progressivism,A philosophy advocating social reform and advancement.,Political Systems & Governance,progressivism
Proportional Representation,An electoral system where seats are allocated based on vote share.,Political Systems & Governance,proportional-representation
Protest Vote,A vote cast to express dissatisfaction rather than support.,Political Systems & Governance,protest-vote
Proxy Voting,Voting on behalf of another authorized individual.,Political Systems & Governance,proxy-voting
Public Administration,The implementation of government policy by civil servants.,Political Systems & Governance,public-administration
Public Expenditure,Spending by government to meet public needs.,Political Systems & Governance,public-expenditure
Public Opinion Polls,Surveys measuring citizens’ views on political topics.,Political Systems & Governance,public-opinion-polls
Public Policy,The principles guiding government action and decisions.,Political Systems & Governance,public-policy
Public Referendum,A direct vote on a specific political question posed to citizens.,Political Systems & Governance,public-referendum
Public Trust,The confidence citizens have in their government and leaders.,Political Systems & Governance,public-trust
Quorum,The minimum number of members required to conduct official business.,Political Systems & Governance,quorum
Recall Election,A process by which voters can remove an elected official from office.,Political Systems & Governance,recall-election
Recall Mechanism,A legal process for removing elected officials before term ends.,Political Systems & Governance,recall-mechanism
Recall Vote,A direct vote to remove an elected official before the end of term.,Political Systems & Governance,recall-vote
Red Tape,Excessive bureaucracy or adherence to official rules.,Political Systems & Governance,red-tape
Redistricting,"Redrawing electoral district boundaries, often after a census.",Political Systems & Governance,redistricting
Referendum,A direct vote by the electorate on a specific proposal or issue.,Political Systems & Governance,referendum
Representative Democracy,A form of democracy where citizens elect officials to make decisions on their behalf.,Political Systems & Governance,representative-democracy
Republic,A political system where power rests with elected representatives.,Political Systems & Governance,republic
Right-wing Politics,"Political positions that emphasize tradition, hierarchy, and limited government.",Political Systems & Governance,right-wing-politics
Rotating Presidency,An arrangement where the presidency is shared or alternated among members.,Political Systems & Governance,rotating-presidency
Rule of Law,The principle that all members of society are equally subject to the law.,Political Systems & Governance,rule-of-law
Runoff Election,A second election to determine a winner among the top candidates.,Political Systems & Governance,runoff-election
Safe Seat,An electoral district consistently won by the same party or candidate.,Political Systems & Governance,safe-seat
Secret Ballot,Voting method ensuring anonymity.,Political Systems & Governance,secret-ballot
Separation of Powers,Division of government responsibilities into distinct branches.,Political Systems & Governance,separation-of-powers
Shadow Cabinet,A group of opposition members who scrutinize and propose alternatives to current policies.,Political Systems & Governance,shadow-cabinet
Shadow Government,A group of opposition leaders prepared to take office if elected.,Political Systems & Governance,shadow-government
Shadow Vote,"A symbolic vote used for planning or signaling, without legal effect.",Political Systems & Governance,shadow-vote
Single-party State,A system where only one political party is allowed to govern.,Political Systems & Governance,single-party-state
Socialism,A political theory advocating state or collective ownership of production.,Political Systems & Governance,socialism
Sovereign Immunity,Legal doctrine shielding governments from certain legal actions.,Political Systems & Governance,sovereign-immunity
Spoiler Effect,When a third-party candidate alters the outcome by splitting votes.,Political Systems & Governance,spoiler-effect
State Audit,Review of government financial activities to ensure legal compliance.,Political Systems & Governance,state-audit
State Capture,Corruption where private interests dominate public policy.,Political Systems & Governance,state-capture
State Legislature,A legislative body governing a political subdivision of a country.,Political Systems & Governance,state-legislature
State of Emergency,A condition allowing the government to take extraordinary actions.,Political Systems & Governance,state-of-emergency
State Sovereignty,The principle that states have the right to govern themselves independently.,Political Systems & Governance,state-sovereignty
Statecraft,"The skillful management of state affairs and governance, including diplomacy, strategy, and administration.",Political Systems & Governance,statecraft
Statism,The belief in extensive government control of economic and social policy.,Political Systems & Governance,statism
Statutory Law,Laws formally written and enacted by legislative bodies.,Political Systems & Governance,statutory-law
Succession Plan,A strategy for replacing leaders or transferring power.,Political Systems & Governance,succession-plan
Suffrage,The right to vote in political elections.,Political Systems & Governance,suffrage
Super PAC,An independent political action committee that can raise unlimited funds.,Political Systems & Governance,super-pac
Swing State,A state where political support is evenly divided and unpredictable.,Political Systems & Governance,swing-state
Syndicalism,A movement advocating worker control of industry through trade unions.,Political Systems & Governance,syndicalism
Technocracy,Government by technical experts.,Political Systems & Governance,technocracy
Term Limit,A legal restriction on the number of terms an elected official can serve.,Political Systems & Governance,term-limit
Theocracy,A government system ruled by religious leaders or divine guidance.,Political Systems & Governance,theocracy
Theocratic Republic,A republic governed under religious principles and leaders.,Political Systems & Governance,theocratic-republic
Totalitarianism,A centralized government that seeks to control all aspects of life.,Political Systems & Governance,totalitarianism
Town Hall Meeting,An event where officials meet with constituents to discuss issues.,Political Systems & Governance,town-hall-meeting
Transitional Government,An interim regime managing state affairs before permanent governance.,Political Systems & Governance,transitional-government
Transparency,Openness in government operations and decision-making.,Political Systems & Governance,transparency
Transparency International,A global NGO fighting corruption and promoting accountability.,Political Systems & Governance,transparency-international
Transparency Legislation,Laws mandating open government processes and data.,Political Systems & Governance,transparency-legislation
Tyranny,"Oppressive rule by a single, often cruel, authority.",Political Systems & Governance,tyranny
Unicameral Legislature,A legislative body with a single chamber.,Political Systems & Governance,unicameral-legislature
Unicameralism,A legislature composed of a single chamber.,Political Systems & Governance,unicameralism
Universal Suffrage,"The right of all adult citizens to vote, regardless of status.",Political Systems & Governance,universal-suffrage
Unjust Laws,"Laws that are considered morally or ethically wrong, often violating principles of justice, equality, or fundamental rights.",Political Systems & Governance,unjust-laws
Veto Power,The authority to reject a decision or proposal made by a law-making body.,Political Systems & Governance,veto-power
Vote Buying,Illegally offering money or gifts in exchange for votes.,Political Systems & Governance,vote-buying
Vote of Confidence,A test to confirm legislative support for the government.,Political Systems & Governance,vote-of-confidence
Vote of No Confidence,A legislative vote showing that the majority does not support the executive.,Political Systems & Governance,vote-of-no-confidence
Vote Share,The percentage of total votes received by a candidate or party.,Political Systems & Governance,vote-share
Vote Tallying,The process of counting votes in an election.,Political Systems & Governance,vote-tallying
Voter Suppression,Strategies used to prevent or discourage certain groups from voting.,Political Systems & Governance,voter-suppression
Voter Turnout,The percentage of eligible voters who participate in an election.,Political Systems & Governance,voter-turnout
Voting Machine,Electronic devices used to record and count votes.,Political Systems & Governance,voting-machine
Voting Rights,Legal rights protecting individuals' ability to participate in elections.,Political Systems & Governance,voting-rights
Whip System,A method in parliamentary systems to ensure party discipline during votes.,Political Systems & Governance,whip-system
Whistleblower,A person who exposes wrongdoing within an organization.,Political Systems & Governance,whistleblower
Whistleblower Protection,Legal safeguards for individuals exposing wrongdoing.,Political Systems & Governance,whistleblower-protection
Youth Parliament,A platform for young people to debate and engage in mock legislation.,Political Systems & Governance,youth-parliament
Use of Currency,The legal obligation to accept a nation's official money as payment in transactions.,Political Systems & Governance,use-of-currency
Veto Authority,The constitutional power of an executive to reject legislation passed by the legislature.,Political Systems & Governance,veto-authority
Vote Tallying Speed,The rate at which votes are counted and recorded during an election.,Political Systems & Governance,vote-tallying-speed
Voter Choice,The range of candidates or policies available for selection in an election.,Political Systems & Governance,voter-choice
Voter Confidence,Public trust in the integrity and fairness of electoral processes.,Political Systems & Governance,voter-confidence
Voter Consent,The authorization granted by a citizen allowing another individual to vote on their behalf.,Political Systems & Governance,voter-consent
Voter Groups,"Segments of the electorate categorized by shared political, social, or demographic traits.",Political Systems & Governance,voter-groups
Voter Perception,"How citizens view political candidates, parties or electoral processes.",Political Systems & Governance,voter-perception
Voter Preference,"An individual’s ranked or selected choice among candidates or ballot options.",Political Systems & Governance,voter-preference
Voter Preference of Candidates,"The degree to which specific candidates are favored over others by the electorate.",Political Systems & Governance,voter-preference-of-candidates
Voter Privacy,"The protection of an individual's ballot choices from being disclosed.",Political Systems & Governance,voter-privacy
Voter Safety,"Measures to ensure physical security for voters during the electoral process.",Political Systems & Governance,voter-safety
Voters,"Individuals eligible and registered to cast a ballot in an election.",Political Systems & Governance,voters
Votes Between Similar Candidates,"The division of electoral support among ideologically alike candidates, often weakening their overall chances.",Political Systems & Governance,votes-between-similar-candidates
Voting Mechanism,"The method by which votes are cast, recorded, and counted in an election.",Political Systems & Governance,voting-mechanism
Wasteful Spending,"Government expenditure perceived as unnecessary or not serving the public interest.",Political Systems & Governance,wasteful-spending
Welfare State,"A government that provides social services and economic support to its citizens through redistribution.",Political Systems & Governance,welfare-state
Winner Takes All,"A voting system in which the candidate with the most votes secures the entire prize or representation.",Political Systems & Governance,winner-takes-all
Without Legal Recognition,"Operating or existing without official approval or acknowledgment by law.",Political Systems & Governance,without-legal-recognition
Worker Control of Industry,"An economic and political model where employees manage and direct industrial operations.",Political Systems & Governance,worker-control-of-industry
Young Citizens,"Individuals of a nation, typically youth or adolescents, who engage in or are being prepared for civic participation.",Political Systems & Governance,young-citizens
Supermajority Vote,"A voting requirement that exceeds a simple majority, often used for significant legislative or constitutional changes.",Political Systems & Governance,supermajority-vote
Support for Government,"The level of parliamentary or public backing necessary for a government to remain in power.",Political Systems & Governance,support-for-government
Supporters,"Individuals or groups who back a political candidate, party, or policy.",Political Systems & Governance,supporters
Term Limits,"Legal restrictions that set the maximum number of terms an individual may serve in a particular office.",Political Systems & Governance,term-limits
Traditional Institutions,"Long-established political, religious, or social structures that shape governance and societal norms.",Political Systems & Governance,traditional-institutions
Traditional Values,"Cultural or moral principles rooted in historical or religious norms, often upheld by conservative movements.",Political Systems & Governance,traditional-values
Transparency Mechanisms,"Policies and systems that promote openness and accountability in government operations.",Political Systems & Governance,transparency-mechanisms
Transparent Governance,"The practice of open decision-making and public access to information in government.",Political Systems & Governance,transparent-governance
Two-Party System,"A political system dominated by two major parties that compete for power.",Political Systems & Governance,two-party-system
Two-Round System,"An electoral method where a second round is held if no candidate achieves a majority in the first round.",Political Systems & Governance,two-round-system
Undecided First Round,"A scenario in an election where no candidate secures a required majority, prompting a runoff.",Political Systems & Governance,undecided-first-round
Undermining Meritocracy,"The act of favoring individuals for roles or rewards based on factors other than ability or achievement.",Political Systems & Governance,undermining-meritocracy
Unequal Competition,"An imbalance in electoral or political opportunities that disadvantages certain candidates or groups.",Political Systems & Governance,unequal-competition
Unexpected Vacancy,"An unplanned opening in political office due to death, resignation, or removal.",Political Systems & Governance,unexpected-vacancy
Unitary State,"A system of government where power is centralized in a single national authority.",Political Systems & Governance,unitary-state
Unitary Systems,"Governing structures in which subnational units operate under the authority of a central government.",Political Systems & Governance,unitary-systems
Upper and Lower Chambers,"The two houses of a bicameral legislature, typically with different roles or powers.",Political Systems & Governance,upper-and-lower-chambers
Social Change,"The transformation of cultural, political, or economic structures within a society over time.",Political Systems & Governance,social-change
Social Equality,"The condition in which all members of society have equal status and access to opportunities.",Political Systems & Governance,social-equality
Social Media,"Digital platforms that enable users to create, share, and interact with content and information.",Political Systems & Governance,social-media
Social Media Platforms,"Online services that host and distribute social media content, influencing public discourse.",Political Systems & Governance,social-media-platforms
Social Reforms,"Intentional efforts to improve social conditions through changes in laws, policies, or institutions.",Political Systems & Governance,social-reforms
Socioeconomic Inequality,"Disparities in income, wealth, education, and access to resources among social groups.",Political Systems & Governance,socioeconomic-inequality
Sovereignty and Territory,"The authority of a state to govern itself and control its geographic boundaries.",Political Systems & Governance,sovereignty-and-territory
Specific Issue,"A narrowly defined topic or concern addressed through political or legislative action.",Political Systems & Governance,specific-issue
Specific Policy Issue,"A particular area of public policy that requires decision-making or reform.",Political Systems & Governance,specific-policy-issue
Stabilize Governance,"The process of strengthening or maintaining political order and continuity during uncertainty.",Political Systems & Governance,stabilize-governance
State Actors from Lawsuits,"Legal immunity granted to government officials protecting them from prosecution or civil suits.",Political Systems & Governance,state-actors-from-lawsuits
State Authority,"The power and right of a government to make and enforce laws within its jurisdiction.",Political Systems & Governance,state-authority
State Control,"The degree of governmental regulation or ownership over social or economic institutions.",Political Systems & Governance,state-control
State-Controlled Economies,"Economic systems where the government directs production, pricing, and resource allocation.",Political Systems & Governance,state-controlled-economies
State Elector Preference,"The voting choice of electors representing a specific state in an electoral college system.",Political Systems & Governance,state-elector-preference
State Governor,"The elected head of a state government in a federal system.",Political Systems & Governance,state-governor
State Laws,"Legal statutes enacted by a state legislature within a federal or unitary system.",Political Systems & Governance,state-laws
State Socialism,"A system in which the state owns or controls key industries and redistributes wealth.",Political Systems & Governance,state-socialism
State Votes,"Votes allocated to a state in proportion to its population or electoral rules.",Political Systems & Governance,state-votes
Streamlined Governance,"Efficient administrative structures that reduce bureaucracy and improve policy implementation.",Political Systems & Governance,streamlined-governance
Strict Law Application,"The rigorous enforcement of laws with little room for interpretation or discretion.",Political Systems & Governance,strict-law-application
Regime Collapse,"The sudden disintegration or overthrow of a political regime; often leads to instability.",Political Systems & Governance,regime-collapse
Regional Constituencies,"Electoral districts representing specific geographic regions within a nation.",Political Systems & Governance,regional-constituencies
Religious Law and Elected Government,"A hybrid political system combining religious legal principles with representative institutions.",Political Systems & Governance,religious-law-and-elected-government
Reporting Safety,"Protections ensuring the safety of individuals who report misconduct or corruption.",Legal Systems,reporting-safety
Republicanism,"A philosophy advocating for representative government based on rule of law and civic virtue.",Political Philosophy,republicanism
Rights-Based Jurisprudence,"A legal theory emphasizing the protection of individual rights and human dignity.",Legal Systems,rights-based-jurisprudence
Roman Republic,"An ancient political system based on elected officials and checks on centralized power.",Historical Systems,roman-republic
Royal Authority and Elected Legislature,"A constitutional structure combining monarchical powers with an elected legislative body.",Political Systems & Governance,royal-authority-and-elected-legislature
Rule of Law Advocates,"Individuals or groups who promote legal accountability, judicial independence, and equality.",Legal Systems,rule-of-law-advocates
Scientific Management,"A theory promoting efficient, data-driven organization and governance; often applied to public administration.",Technological & Engineering Innovations,scientific-management
Seats Based on Vote Share,"The distribution of legislative seats in proportion to each party’s share of the vote.",Political Systems & Governance,seats-based-on-vote-share
Seats in Legislature,"Positions held by representatives within a law-making body or parliamentary chamber.",Political Systems & Governance,seats-in-legislature
Secular Democracy,"A form of government where religious institutions are separate from state governance and elections.",Political Systems & Governance,secular-democracy
Secularism,"The principle advocating for separation between religion and government affairs.",Political Philosophy,secularism
Security Forces,"State-authorized agencies responsible for enforcing laws and maintaining national security.",Political Systems & Governance,security-forces
Self-Determination,"The right of people to freely choose their political status and direction of development.",Political Philosophy,self-determination
Silencing Opposition,"The suppression of dissenting voices or criticism in political or civic arenas.",Political Systems & Governance,silencing-opposition
Single Legislative Body,"A system where legislative power is vested in a single law-making chamber.",Political Systems & Governance,single-legislative-body
Small Unitary States,"Centralized political systems in geographically or demographically small nations.",Political Systems & Governance,small-unitary-states
Proposed Bills,"Drafts of legislation submitted for consideration by a legislative body.",Political Systems & Governance,proposed-bills
Public Awareness,"The level of knowledge or attention the general population has about a political or social issue.",Civic Engagement,public-awareness
Public Consensus,"A general agreement among the public on a particular issue or policy.",Civic Engagement,public-consensus
Public Consent,"The approval or acceptance of authority or policy by the general population.",Political Philosophy,public-consent
Public Debates,"Structured discussions among political candidates or figures meant to inform voters and compare views.",Political Campaigns,public-debates
Public Interest,"The welfare or well-being of the general public; a guiding principle in policymaking.",Political Philosophy,public-interest
Public Official,"An individual holding a position of authority in government or public administration.",Political Systems & Governance,public-official
Public Officials,"Government employees or elected individuals responsible for implementing laws and policies.",Political Systems & Governance,public-officials
Public Opinion,"The collective attitudes and beliefs held by the population on political or social matters.",Civic Engagement,public-opinion
Public Perception,"How the general public interprets or understands political actions, decisions, or figures.",Civic Engagement,public-perception
Public Pressure,"Influence exerted by citizens or groups to affect political decisions or legislation.",Civic Engagement,public-pressure
Public Services,"Essential services provided by the government to its citizens, such as education or healthcare.",Political Systems & Governance,public-services
Public Spending,"Expenditure by the government on goods, services, and public infrastructure.",Political Systems & Governance,public-spending
Public Support,"The backing or approval from the population for a leader, institution, or policy.",Civic Engagement,public-support
Radical Change,"A significant and fundamental transformation in political, social, or economic structures.",Political Movements,radical-change
Rapid Industrialization,"A fast-paced shift from an agrarian economy to industrial production and infrastructure.",Economic Systems,rapid-industrialization
Realpolitik,"A pragmatic approach to politics focused on power and practical considerations rather than ideals.",Political Philosophy,realpolitik
Redistributive Policy,"Government policies aimed at reducing inequality by reallocating wealth or resources.",Political Systems & Governance,redistributive-policy
Redistricting Reform,"Changes to the process of drawing electoral boundaries to enhance fairness and representation.",Political Systems & Governance,redistricting-reform
Reelection,"The act of an incumbent official running for and potentially securing another term in office.",Political Campaigns,reelection
Political Conflict,"Disputes or struggles between groups or parties over political power, resources, or ideology.",Political Systems & Governance,political-conflict
Political Crisis,"A severe disruption in governmental function or authority that threatens political stability.",Political Systems & Governance,political-crisis
Political Entrenchment,"The consolidation of power by political leaders or parties to maintain control and resist change.",Political Systems & Governance,political-entrenchment
Political Figures,"Individuals who hold or influence political office or public policy.",Political Systems & Governance,political-figures
Political Instability,"A condition where governments are frequently changed, challenged, or weakened, often leading to unrest.",Political Systems & Governance,political-instability
Political Interference,"Undue influence in political affairs, often by external or unauthorized actors.",Political Systems & Governance,political-interference
Political Leadership,"The individuals or groups responsible for guiding and making decisions within a political system.",Political Systems & Governance,political-leadership
Political Office,"An official position of authority within a government or political structure.",Political Systems & Governance,political-office
Political Platforms,"A set of principles and policy goals promoted by a political party or candidate.",Political Campaigns,political-platforms
Political Pluralism,"The coexistence and competition of multiple political parties and viewpoints in a democratic society.",Political Systems & Governance,political-pluralism
Political Stability,"The resilience and predictability of a political system, often marked by orderly transitions and consistent governance.",Political Systems & Governance,political-stability
Political System,"The structure of government and the set of processes for making and implementing political decisions.",Political Systems & Governance,political-system
Political Transition,"The process of changing from one political regime, government, or leader to another.",Political Systems & Governance,political-transition
Polling Data,"Information collected from surveys that measure public opinion or voter intentions.",Political Campaigns,polling-data
Population Data,"Statistical information about the demographics and distribution of a population.",Demographics & Census,population-data
Population Distribution,"The spatial arrangement of people across a geographic area.",Demographics & Census,population-distribution
Population Shifts,"Changes in where people live due to migration, urbanization, or demographic trends.",Demographics & Census,population-shifts
Power-Sharing Agreements,"Political arrangements in which different groups share authority to prevent dominance and promote stability.",Political Systems & Governance,power-sharing-agreements
Presidency,"The office and function of the president as the head of state or government.",Political Systems & Governance,presidency
Private Interest Groups,"Organizations that seek to influence public policy to benefit their members or agendas.",Political Systems & Governance,private-interest-groups
Compromise,"A mutual agreement between political parties or factions achieved through concessions.",Political Systems & Governance,compromise
Confederate Structures,"A political system in which regional units retain supremacy and delegate limited powers to a central authority.",Political Systems & Governance,confederate-structures
Confirmation Process,"The formal procedure through which political appointments are reviewed and approved by a governing body.",Political Systems & Governance,confirmation-process
Conflict of Interest,"A situation where a public official’s personal interests could improperly influence their professional actions.",Political Systems & Governance,conflict-of-interest
Conflicting Authorities,"A condition in which multiple political bodies claim overlapping powers, causing institutional deadlock.",Political Systems & Governance,conflicting-authorities
Consensus Building,"A political strategy focused on finding common ground and agreement among diverse groups.",Political Systems & Governance,consensus-building
Constitution Broadly,"A principle of interpreting constitutional texts with flexibility to adapt to evolving societal norms.",Legal Theory & Systems,constitution-broadly
Constitution Drafting,"The process of designing the fundamental legal framework of a government.",Political Systems & Governance,constitution-drafting
Constitution or Statute,"A legal foundation that enables and defines mechanisms of governance or rights.",Legal Theory & Systems,constitution-or-statute
Constitutional Constraints,"Legal limitations placed on government power to protect citizens and uphold democratic principles.",Political Systems & Governance,constitutional-constraints
Constitutional Framework,"The structural and procedural foundation for how a government is formed and operates.",Political Systems & Governance,constitutional-framework
Constitutional Order,"The established legal and political arrangements that maintain governance and uphold the rule of law.",Political Systems & Governance,constitutional-order
Constitutional Rights,"Legal entitlements guaranteed to individuals under a nation’s constitution.",Political Systems & Governance,constitutional-rights
Constitutional Violation,"An act or policy that contravenes the principles or provisions of a nation's constitution.",Political Systems & Governance,constitutional-violation
Constitutionalism,"The belief that government should be limited by and operate according to a written or unwritten constitution.",Political Systems & Governance,constitutionalism
Content Standards,"Regulations governing the type and quality of information broadcast or published to the public.",Media & Communication,content-standards
Corrupt Campaigns,"Electoral efforts that involve bribery, fraud, or unethical practices to gain political advantage.",Political Campaigns,corrupt-campaigns
Corrupt Regimes,"Governments characterized by widespread abuse of power, bribery, and lack of transparency.",Political Systems & Governance,corrupt-regimes
Corruption,"The abuse of entrusted power for personal or political gain, undermining public trust and governance.",Political Systems & Governance,corruption
Cosmopolitanism,"The ideology that all human beings belong to a single global community, emphasizing universal values.",Political Philosophy,cosmopolitanism
Crisis,"A period of severe instability or threat to political, economic, or social systems.",Political Systems & Governance,crisis
Crisis Scenarios,"Situations of political or institutional instability requiring urgent or extraordinary governance measures.",Political Systems & Governance,crisis-scenarios
Critical Election,"A pivotal election that leads to significant, lasting shifts in party systems, voter alignments, or national direction.",Political Systems & Governance,critical-election
Dark Money Influence,"Political influence exerted through undisclosed or opaque financial contributions, often undermining transparency.",Political Systems & Governance,dark-money-influence
Delegates,"Individuals chosen to represent a group or constituency in a political convention or legislative assembly.",Political Systems & Governance,delegates
Democratic Backsliding,"The erosion or decline of democratic institutions, norms, or civil liberties within a political system.",Political Systems & Governance,democratic-backsliding
Democratic Legitimacy,"The recognized right of a government to rule, grounded in free elections and public consent.",Political Systems & Governance,democratic-legitimacy
Democratic Participation,"Active involvement of citizens in democratic processes such as voting, debates, and civic engagement.",Political Systems & Governance,democratic-participation
Democratic Principles,"Core values underpinning democracy, including representation, accountability, rule of law, and equality.",Political Systems & Governance,democratic-principles
Democratic Socialism,"A political ideology advocating for socialism through democratic means while preserving civil liberties.",Political Systems & Governance,democratic-socialism
Digital Elections,"Elections facilitated through electronic systems such as online voting or digital ballot machines.",Technological & Engineering Innovations,digital-elections
Direct Dialogue,"Unmediated communication between citizens and government officials, often in forums like town halls.",Political Systems & Governance,direct-dialogue
Direct Rule,"Governance imposed directly by a central authority without local autonomy or delegation.",Political Systems & Governance,direct-rule
Disillusionment,"Loss of trust or faith in political institutions or leaders, often resulting in apathy or protest.",Political Systems & Governance,disillusionment
Disproportional Representation,"A mismatch between the share of votes received and the number of seats allocated in a legislature.",Political Systems & Governance,disproportional-representation
Dissatisfaction With Choices,"Voter sentiment expressing discontent with the available political candidates or parties.",Political Systems & Governance,dissatisfaction-with-choices
Diverse Representation,"Inclusion of varied demographic, cultural, or ideological groups within political institutions.",Political Systems & Governance,diverse-representation
Divine Right,"The belief that a ruler’s authority is granted directly by a divine power, not by the people.",Political Systems & Governance,divine-right
Dominant Party,"A political party that consistently controls government power with minimal opposition over time.",Political Systems & Governance,dominant-party
Effective Governance,"The ability of a government to deliver public services, uphold laws, and manage resources efficiently.",Political Systems & Governance,effective-governance
Egalitarian Values,"Beliefs emphasizing equal rights, opportunities, and treatment for all individuals regardless of social status.",Political Systems & Governance,egalitarian-values
Elected Government,"A governing body whose members are chosen through democratic elections by the eligible population.",Political Systems & Governance,elected-government
Elected Leader,"An individual chosen by public vote to hold a position of authority within a political system.",Political Systems & Governance,elected-leader
Elected Prime Minister,"The head of government in a parliamentary system, chosen through an electoral or legislative process.",Political Systems & Governance,elected-prime-minister
Election Campaigns,"Organized efforts by political candidates or parties to influence voter choice during an electoral period.",Political Systems & Governance,election-campaigns
Election Cycles,"Regular, recurring periods during which elections are held for public offices.",Political Systems & Governance,election-cycles
Election Legitimacy,"Public acceptance of election results as fair, credible, and reflective of the voters’ will.",Political Systems & Governance,election-legitimacy
Election Monitoring,"Observation and assessment of electoral processes to ensure transparency and prevent fraud or manipulation.",Political Systems & Governance,election-monitoring
Election Outcome,"The final result of an election, determining which candidates or parties have won.",Political Systems & Governance,election-outcome
Election Outcomes,"The collective results across multiple races or regions, shaping political control and policy directions.",Political Systems & Governance,election-outcomes
Election Period,"The designated timeframe during which electoral processes, including campaigning and voting, take place.",Political Systems & Governance,election-period
Election Results,"The official tally of votes that determines the winners of an election.",Political Systems & Governance,election-results
Election Transparency,"The openness and clarity of electoral procedures, ensuring accountability and public trust.",Political Systems & Governance,election-transparency
Elections,"Formal processes where citizens vote to select representatives or decide on public issues.",Political Systems & Governance,elections
Electoral Accessibility,"The ease with which eligible voters can participate in elections, regardless of physical or legal barriers.",Political Systems & Governance,electoral-accessibility
Electoral Boundaries,"Geographic lines defining the areas represented by elected officials.",Political Systems & Governance,electoral-boundaries
Electoral Cycle,"The full sequence of events from the announcement of an election to the swearing-in of winners.",Political Systems & Governance,electoral-cycle
Electoral Districts,"Defined geographic areas represented by one or more elected officials in a legislature.",Political Systems & Governance,electoral-districts
Electoral Integrity Laws,"Legal measures designed to ensure the fairness, security, and transparency of electoral processes.",Political Systems & Governance,electoral-integrity-laws
Electoral Law,"The body of law regulating the conduct of elections, voting, and political campaigning.",Political Systems & Governance,electoral-law
Electoral Laws,"Rules and regulations governing all aspects of elections and electoral systems.",Political Systems & Governance,electoral-laws
Electoral Outcome,"The result of a specific election, indicating the winning candidates or parties.",Political Systems & Governance,electoral-outcome
Electoral Outcomes,"The overall results across multiple elections or races, reflecting broader political trends.",Political Systems & Governance,electoral-outcomes
Electoral Politics,"Political activities and strategies directly related to the process of elections and campaigning.",Political Systems & Governance,electoral-politics
Electoral Process,"The sequence of events and procedures involved in organizing and conducting an election.",Political Systems & Governance,electoral-process
Electoral Support,"The level of voter backing for a candidate or party during an election.",Political Systems & Governance,electoral-support
Electorate,"All individuals eligible to vote in a particular election or political jurisdiction.",Political Systems & Governance,electorate
Electronic Fraud,"Illegal manipulation of digital systems for personal or political gain, particularly in elections.",Political Systems & Governance,electronic-fraud
Emergency Powers,"Special authorities granted to government officials during crises, often allowing suspension of normal laws.",Political Systems & Governance,emergency-powers
Emerging Factions,"New or growing political groups forming within or outside traditional parties.",Political Systems & Governance,emerging-factions
Environmental Sustainability,"The practice of managing natural resources in ways that meet current needs without compromising future generations.",Technological & Engineering Innovations,environmental-sustainability
Equal Voting Rights,"The principle that all citizens' votes should carry the same weight regardless of status or identity.",Political Systems & Governance,equal-voting-rights
Ethnic or Cultural Identity,"The shared sense of belonging to a group based on ethnicity, heritage, or traditions.",Political Systems & Governance,ethnic-or-cultural-identity
Excessive Bureaucracy,"A situation where administrative complexity hinders efficiency and responsiveness in governance.",Political Systems & Governance,excessive-bureaucracy
Executive and Legislative,"The two primary branches of government responsible for enforcing laws and making laws, respectively.",Political Systems & Governance,executive-and-legislative
Executive Authority,"The power held by the executive branch to implement and enforce laws and policies.",Political Systems & Governance,executive-authority
Executive Conduct,"The behavior and ethical standards expected of leaders in the executive branch.",Political Systems & Governance,executive-conduct
Executive Leader,"The individual who holds the highest executive position, such as a president or prime minister.",Political Systems & Governance,executive-leader
Executive Overreach,"When members of the executive branch exceed their legal or constitutional powers.",Political Systems & Governance,executive-overreach
Extreme Positions,"Radical political or ideological stances that fall far outside the mainstream spectrum.",Political Systems & Governance,extreme-positions
Family and Education,"Key influences in shaping an individual's political beliefs, values, and civic behavior.",Political Systems & Governance,family-and-education
Family Legacy,"The continuation of political or public influence through family lineage or inherited status.",Political Systems & Governance,family-legacy
Global Governance,"The coordination of policies and actions among international institutions and nations to address global challenges.",Political Systems & Governance,global-governance
Governance and Power,"The structures and processes through which authority is exercised and decisions are made and enforced.",Political Systems & Governance,governance-and-power
Governance Efficiency,"The effectiveness with which governments manage resources and deliver services with minimal waste or delay.",Political Systems & Governance,governance-efficiency
Governance Failure,"The breakdown or inadequacy of government systems to provide stability, services, or uphold the rule of law.",Political Systems & Governance,governance-failure
Governing Responsibilities,"The duties and obligations assigned to government officials and institutions to manage public affairs.",Political Systems & Governance,governing-responsibilities
Government Agencies,"Organizations within the public sector responsible for implementing specific laws, policies, and services.",Political Systems & Governance,government-agencies
Government and Opposition,"The dynamic relationship between ruling authorities and political groups that challenge their policies or legitimacy.",Political Systems & Governance,government-and-opposition
Government Collapse,"The complete breakdown or fall of a ruling government, often due to conflict, crisis, or loss of legitimacy.",Political Systems & Governance,government-collapse
Government Continuity,"The ability of state institutions to function and uphold governance structures during transitions or crises.",Political Systems & Governance,government-continuity
Government Finances,"The budgeting, expenditure, and revenue collection activities that sustain government operations and services.",Political Systems & Governance,government-finances
Government Functioning,"The operational performance of the government in fulfilling its legal, administrative, and service roles.",Political Systems & Governance,government-functioning
Government Legitimacy,"The public’s belief in the rightful authority and credibility of a government to rule.",Political Systems & Governance,government-legitimacy
Government Ministers,"High-ranking officials responsible for managing specific sectors or departments within a government.",Political Systems & Governance,government-ministers
Government Misconduct,"Illegal, unethical, or abusive behavior committed by government officials in the course of their duties.",Political Systems & Governance,government-misconduct
Government Performance,"The measurable results of a government’s policies, services, and decision-making effectiveness.",Political Systems & Governance,government-performance
Government Services,"Public goods and administrative functions provided by the state to meet the needs of its citizens.",Political Systems & Governance,government-services
Government Support,"The degree of approval or backing a government receives from the public or legislature.",Political Systems & Governance,government-support
Government Transition,"The formal or informal process through which governing power shifts from one authority to another.",Political Systems & Governance,government-transition
Head of Government,"The highest official in the executive branch responsible for directing government policy and administration, such as a prime minister.",Political Systems & Governance,head-of-government
Head of State,"The ceremonial or executive leader representing the unity and legitimacy of a nation, such as a president or monarch.",Political Systems & Governance,head-of-state
House Leadership,"Senior elected officials responsible for managing the legislative agenda and operations of a parliamentary or congressional body.",Political Systems & Governance,house-leadership
Human Rights Activists,"Individuals who advocate for the protection and promotion of fundamental rights and freedoms.",Political Systems & Governance,human-rights-activists
Idealism,"A political or philosophical approach that prioritizes ethical values, moral goals, or visionary principles over pragmatic concerns.",Philosophy & Thought Systems,idealism
Ideological Divergence,"The existence of sharply contrasting beliefs or principles within a political system, party, or society.",Political Systems & Governance,ideological-divergence
Ideological Platform,"A structured set of political beliefs or policy goals promoted by a party or movement.",Political Systems & Governance,ideological-platform
Ideological Positions,"Specific stances or beliefs individuals or groups hold along a political spectrum.",Political Systems & Governance,ideological-positions
Ideological Pressure,"Influence exerted by ideological groups or factions to sway decisions or policies within institutions or governments.",Political Systems & Governance,ideological-pressure
Incumbency Duration,"The length of time an elected official remains in office before reelection or replacement.",Political Systems & Governance,incumbency-duration
Independent Voting,"The practice of casting votes based on personal beliefs or constituency interests rather than party lines.",Political Systems & Governance,independent-voting
Indirect Democracy,"A form of government in which citizens elect representatives to make decisions and pass laws on their behalf.",Political Systems & Governance,indirect-democracy
Individual Liberty,"The freedom of individuals to act, think, and express themselves without undue government restriction.",Legal & Ethical Systems,individual-liberty
Influential Figures,"Prominent individuals whose opinions or actions significantly shape public opinion, policy, or political decisions.",Political Systems & Governance,influential-figures
Interim Governance,"Temporary political administration established during periods of transition or instability.",Political Systems & Governance,interim-governance
Internal Conflict,"Disagreement or struggle within a political party, institution, or group that disrupts cohesion or function.",Political Systems & Governance,internal-conflict
Internal Debate and Party Discipline,"The balance between open discussion and unified decision-making within political parties or organizations.",Political Systems & Governance,internal-debate-and-party-discipline
Internal Political Strategy,"Tactics and plans used within a party or institution to gain influence or achieve objectives.",Political Systems & Governance,internal-political-strategy
Internal Position,"A member's official or informal standing within an organization or legislative body.",Political Systems & Governance,internal-position
International Institutions,"Organizations formed by multiple countries to promote cooperation, peace, and regulation on global issues.",Political Systems & Governance,international-institutions
International Law,"A body of rules and principles governing relations between nations and international entities.",Legal & Ethical Systems,international-law
International Monitors,"Observers from international organizations who assess elections, human rights, or conflict situations for fairness and compliance.",Political Systems & Governance,international-monitors
Judicial Consistency,"The principle that similar legal cases should result in similar outcomes to uphold fairness and predictability.",Legal & Ethical Systems,judicial-consistency
Judicial Discretion,"The authority judges have to make decisions based on their interpretation of the law and case-specific details.",Legal & Ethical Systems,judicial-discretion
Judicial System,"The network of courts and legal authorities that interpret laws, resolve disputes, and uphold justice.",Legal & Ethical Systems,judicial-system
Labor Movements,"Collective efforts by workers to improve wages, conditions, and rights through organization and advocacy.",Political Systems & Governance,labor-movements
Laws,"Formal rules enacted by governments that regulate behavior and ensure order in society.",Legal & Ethical Systems,laws
Leadership Continuity,"The uninterrupted succession of leadership to ensure stable governance and institutional function.",Political Systems & Governance,leadership-continuity
Leadership Effectiveness,"The ability of leaders to achieve policy goals, maintain public support, and uphold institutional responsibilities.",Political Systems & Governance,leadership-effectiveness
Leadership Transition,"The process of transferring political leadership from one individual or administration to another.",Political Systems & Governance,leadership-transition
Left and Right Wing,"The two major ideological sides of the political spectrum, often representing progressive versus conservative views.",Political Systems & Governance,left-and-right-wing
Legal Change,"Modifications to existing laws or the introduction of new laws to adapt to societal or political needs.",Legal & Ethical Systems,legal-change
Legal Frameworks,"Structured systems of laws and regulations that govern the behavior of institutions and individuals.",Legal & Ethical Systems,legal-frameworks
Legal Principles,"Foundational ideas and values that guide the creation, interpretation, and application of laws.",Legal & Ethical Systems,legal-principles
Legal Process,"The official procedures and steps taken to enforce laws and administer justice.",Legal & Ethical Systems,legal-process
Legislation,"Laws or statutes formally enacted by a legislative body.",Political Systems & Governance,legislation
Legislative Agenda,"The list of proposed laws and policy priorities that a legislature plans to address during a session.",Political Systems & Governance,legislative-agenda
Legislative Approval,"The formal consent given by a legislative body to pass laws, budgets, or appointments.",Political Systems & Governance,legislative-approval
Legislative Authority,"The legal power vested in a legislative body to create, amend, or repeal laws.",Political Systems & Governance,legislative-authority
Legislative Bills,"Proposed laws submitted to a legislature for debate and approval.",Political Systems & Governance,legislative-bills
Legislative Body,"An elected or appointed group of individuals responsible for making and enacting laws.",Political Systems & Governance,legislative-body
Legislative Branch,"The branch of government responsible for drafting, debating, and passing laws.",Political Systems & Governance,legislative-branch
Legislative Caucus,"A meeting of legislators from the same party or with common interests to coordinate strategies and decisions.",Political Systems & Governance,legislative-caucus
Legislative Debate,"Discussion and argumentation among lawmakers on the merits and details of proposed legislation.",Political Systems & Governance,legislative-debate
Legislative Dissent,"Formal or informal opposition to proposed laws or legislative actions by members of a legislature.",Political Systems & Governance,legislative-dissent
Legislative Opposition,"The political parties or legislators that are not part of the ruling government and challenge its proposals.",Political Systems & Governance,legislative-opposition
Legislative Priority,"Issues or policies ranked as most important for legislative action within a given period.",Political Systems & Governance,legislative-priority
Legislative Process,"The series of steps through which a bill becomes law, including drafting, debate, and approval.",Political Systems & Governance,legislative-process
Legislative Rules,"Procedures and guidelines that govern the conduct of legislative sessions and decision-making.",Political Systems & Governance,legislative-rules
Legislative Scheduling,"The organization and timing of legislative activities, including debates, votes, and hearings.",Political Systems & Governance,legislative-scheduling
Legislators for Political Gain,"Elected officials who use their legislative positions to advance personal or party interests, often through selective projects or spending.",Political Systems & Governance,legislators-for-political-gain
Limit Fragmentation,"A political strategy or electoral rule aimed at reducing the number of competing parties to encourage stability and efficiency.",Political Systems & Governance,limit-fragmentation
Open List System,"An electoral system allowing voters to influence the order of candidates on a party's list.",Political Systems & Governance,open-list-system
Opposition Parties,"Political parties that challenge and scrutinize the ruling government.",Political Systems & Governance,opposition-parties
Opposition Party,"A specific party not in power that holds the government accountable and offers alternatives.",Political Systems & Governance,opposition-party
Override Vote,"A legislative vote to overturn a decision, often a veto, by a higher authority.",Political Systems & Governance,override-vote
Oversight Agency,"An independent body tasked with monitoring and evaluating government activities.",Political Systems & Governance,oversight-agency
Oversight Committees,"Legislative groups responsible for supervising executive actions and public expenditures.",Political Systems & Governance,oversight-committees
Parliamentary Majority,"The number of seats required for a party or coalition to control the legislature.",Political Systems & Governance,parliamentary-majority
Parliamentary Oversight,"The power of parliament to supervise and check the executive branch.",Political Systems & Governance,parliamentary-oversight
Parliamentary Rules,"Formal procedures governing parliamentary debate, voting, and conduct.",Political Systems & Governance,parliamentary-rules
Parliamentary Sessions,"Scheduled meetings where legislative bodies debate and pass laws.",Political Systems & Governance,parliamentary-sessions
Partisan Conflict,"Disagreement or friction between political parties that affects governance.",Political Systems & Governance,partisan-conflict
Partisan Gridlock,"A legislative stalemate resulting from deep divisions between political parties.",Political Systems & Governance,partisan-gridlock
Party Decision Making,"The internal processes by which political parties determine their stances and actions.",Political Systems & Governance,party-decision-making
Party Discipline,"The expectation that party members vote and act in accordance with party policies.",Political Systems & Governance,party-discipline
Party Representation,"The extent to which a political party has elected members in legislative bodies.",Political Systems & Governance,party-representation
Party System,"The structure and number of political parties operating within a country.",Political Systems & Governance,party-system
Party Unity,"The cohesion and alignment of members within a political party.",Political Systems & Governance,party-unity
Patronage Politics,"The practice of distributing public jobs or resources in exchange for political support.",Political Systems & Governance,patronage-politics
Permanent Government,"A stable government that remains in place after interim or caretaker administrations.",Political Systems & Governance,permanent-government
Personal Politics,"A focus on individual political figures rather than party ideology or policy.",Political Systems & Governance,personal-politics
Petition or Legislation,"A mechanism through which citizens or lawmakers formally request legislative action.",Political Systems & Governance,petition-or-legislation
Pluralist Democracy,"A democratic system that allows multiple groups and interests to coexist and influence policy.",Political Systems & Governance,pluralist-democracy
Policy Agenda,"The set of issues prioritized for action by a government or political body.",Political Systems & Governance,policy-agenda
Policy Analysis,"The evaluation of policy options and their impacts to inform decision-making.",Political Systems & Governance,policy-analysis
Policy Deliberation,"Structured discussion aimed at evaluating and refining policy proposals.",Political Systems & Governance,policy-deliberation
Policy Disagreement,"Differences of opinion over proposed government actions or laws.",Political Systems & Governance,policy-disagreement
Policy Discussion,"Dialogue and debate over potential government actions and their consequences.",Political Systems & Governance,policy-discussion
Policy Entrepreneurs,"Individuals or organizations that promote policy innovation and reforms.",Political Systems & Governance,policy-entrepreneurs
Policy Formulation,"The process of developing policy proposals based on research and political input.",Political Systems & Governance,policy-formulation
Policy Initiatives,"Proposals or programs introduced to address public issues or challenges.",Political Systems & Governance,policy-initiatives
Policy Making,"The entire process through which policies are proposed, debated, enacted, and implemented.",Political Systems & Governance,policy-making
Policy Passage,"The formal approval of a proposed policy or law by a legislative body.",Political Systems & Governance,policy-passage
Policy Recommendations,"Expert or advisory suggestions provided to improve or guide policy decisions.",Political Systems & Governance,policy-recommendations
Policy Viability,"The practicality and likelihood of successfully implementing a proposed policy.",Political Systems & Governance,policy-viability
Political Beliefs,"An individual’s or group’s views on governance, power, and public policy.",Political Systems & Governance,political-beliefs
Political Campaign,"An organized effort to influence voters and win elections.",Political Systems & Governance,political-campaign
Political Campaigns,"Multiple or recurring efforts by parties or candidates to secure public office.",Political Systems & Governance,political-campaigns
Political Climate,"The prevailing attitudes, norms, and tensions surrounding political activity.",Political Systems & Governance,political-climate
Political Conduct,"The behavior and ethical standards of individuals engaged in political life.",Political Systems & Governance,political-conduct
Meritocracy,"A system in which advancement is based on individual ability or achievement rather than social class or connections.",Political Systems & Governance,meritocracy
Military,"The armed forces responsible for national defense and, in some cases, political intervention.",Political Systems & Governance,military
Minimum Participation,"The least number of participants required for a decision-making process to be valid.",Political Systems & Governance,minimum-participation
Minority Exclusion,"The systematic omission or marginalization of minority groups from political representation or influence.",Political Systems & Governance,minority-exclusion
Minority Representation,"The inclusion of ethnic, religious, or political minorities in decision-making bodies.",Political Systems & Governance,minority-representation
Misconduct Allegations,"Claims or accusations of unethical or illegal behavior by public officials.",Political Systems & Governance,misconduct-allegations
Moderation in Governance,"A political approach that favors compromise, pragmatism, and avoidance of extremism.",Political Systems & Governance,moderation-in-governance
Modern Democracy,"A contemporary form of democracy characterized by free elections, rule of law, and civil liberties.",Political Systems & Governance,modern-democracy
Monetary Transactions,"Exchanges involving money, often regulated by financial or legal institutions.",Political Systems & Governance,monetary-transactions
Multi-Party Systems,"Political systems that allow multiple political parties to compete and hold power.",Political Systems & Governance,multi-party-systems
Name Recognition,"The public awareness of a political figure’s name, often influencing election outcomes.",Political Systems & Governance,name-recognition
National Courts,"Judicial bodies operating at the national level, tasked with interpreting and enforcing laws.",Political Systems & Governance,national-courts
National Development,"The economic, social, and institutional growth of a country to improve the well-being of its citizens.",Political Systems & Governance,national-development
National Interest,"A country's goals and ambitions, whether economic, military, or cultural, considered important for its survival and prosperity.",Political Systems & Governance,national-interest
National Legislature,"The primary lawmaking body of a nation, such as a parliament or congress.",Political Systems & Governance,national-legislature
National Security Agency,"A government body tasked with protecting a nation from threats through intelligence and surveillance.",Political Systems & Governance,national-security-agency
National Unity and Local Control,"The balance between central government authority and regional autonomy.",Political Systems & Governance,national-unity-and-local-control
Nonpartisan Governance,"A system where public administration operates independently of political party influence.",Political Systems & Governance,nonpartisan-governance
Nonpartisan Oversight,"Supervision of government activities by neutral entities to ensure fairness and legality.",Political Systems & Governance,nonpartisan-oversight
Nonpartisan Views,"Political opinions or stances that are not aligned with any political party.",Political Systems & Governance,nonpartisan-views
Nonviolent Movements,"Organized efforts to achieve political or social change through peaceful means.",Political Systems & Governance,nonviolent-movements
Official Removal,"The process of lawfully taking a public official out of office.",Political Systems & Governance,official-removal
Official Vote,"A formal expression of choice or decision within a legislative or political setting.",Political Systems & Governance,official-vote
One Political Party,"A system in which only one political party is legally allowed to hold power.",Political Systems & Governance,one-political-party
Open Government,"A governing approach that promotes transparency, accountability, and citizen participation.",Political Systems & Governance,open-government
Limited Mandate,"A temporary or restricted authority granted to a government or official, often during transitional periods.",Political Systems & Governance,limited-mandate
Local Autonomy,"The ability of regional or municipal governments to govern themselves with minimal interference from the central government.",Political Systems & Governance,local-autonomy
Local Governance,"Administrative control and decision-making carried out at the municipal or regional level.",Political Systems & Governance,local-governance
Local Government,"The governing body of a specific locality, responsible for providing basic public services and administration.",Political Systems & Governance,local-government
Mail-in Voting,"A voting method that allows citizens to cast their ballots by mail, enhancing accessibility for remote or disabled voters.",Political Systems & Governance,mail-in-voting
Major Parties,"Political parties with widespread support and significant influence in a country’s political system.",Political Systems & Governance,major-parties
Major Rival Parties,"The primary political parties that compete for power in a competitive political system.",Political Systems & Governance,major-rival-parties
Majoritarian or Proportional,"A classification of electoral systems based on whether they favor majority rule or proportional representation.",Political Systems & Governance,majoritarian-or-proportional
Majoritarian System,"An electoral system where the candidate or party with the most votes wins, often at the expense of minority representation.",Political Systems & Governance,majoritarian-system
Majoritarian Systems,"Systems of governance or elections that prioritize rule by the majority, commonly used in single-member district setups.",Political Systems & Governance,majoritarian-systems
Majority Leader,"The head of the majority party in a legislative chamber, responsible for setting the legislative agenda.",Political Systems & Governance,majority-leader
Majority Legislation,"Laws or policies passed with the support of more than half of the legislative body.",Political Systems & Governance,majority-legislation
Majority Winner,"A candidate who secures more than 50% of the vote in an election, often avoiding a runoff.",Political Systems & Governance,majority-winner
Market Economy and Centralized Authority,"An economic-political hybrid model combining capitalist market structures with strong state control or regulation.",Political Systems & Governance,market-economy-and-centralized-authority
Market-Oriented Policies,"Government strategies aimed at promoting free-market principles and reducing state intervention in the economy.",Political Systems & Governance,market-oriented-policies
Media,"The collective communication outlets—television, newspapers, radio, and digital—that disseminate information to the public.",Political Systems & Governance,media
Media Access,"The ability of individuals or political entities to use media platforms to reach audiences.",Political Systems & Governance,media-access
Media Coverage,"The reporting and dissemination of news and events through various media outlets.",Political Systems & Governance,media-coverage
Media Neutrality,"The principle that media should report events and issues without bias or favoritism.",Political Systems & Governance,media-neutrality
Media Organizations,"Entities that produce and distribute news content through print, broadcast, or digital means.",Political Systems & Governance,media-organizations
Media Watchdogs,"Independent organizations or individuals that monitor media practices for fairness, ethics, and accuracy.",Political Systems & Governance,media-watchdogs
Mercantilism,"An economic theory that emphasizes national wealth accumulation through trade surplus and government intervention.",Political Systems & Governance,mercantilism
Merit-Based Hiring,"A recruitment system where candidates are selected based on qualifications, skills, and performance rather than patronage.",Political Systems & Governance,merit-based-hiring
Fascism,"A far-right, authoritarian political ideology that emphasizes nationalism, centralized control, suppression of dissent, and often racial or cultural superiority.",Political Systems & Governance,fascism
Favorable Political Moments,"Periods of opportunity when political, social, or economic conditions align to allow for policy change or reform.",Political Systems & Governance,favorable-political-moments
Federal Systems,"Governance structures where power is constitutionally divided between a central government and subnational units (e.g., states or provinces).",Political Systems & Governance,federal-systems
Fiscal Policy,"Government strategies for managing revenue collection and public spending to influence a nation’s economy.",Political Systems & Governance,fiscal-policy
Flips in Elections,"Electoral outcomes where a district or seat changes party control from one election to the next, indicating a shift in voter preference.",Political Systems & Governance,flips-in-elections
Foreign Policy,"A government's strategy in dealing with other nations, including diplomacy, trade, military alliances, and conflict resolution.",Political Systems & Governance,foreign-policy
Formal Vote,"An official process where decisions are made or laws passed through structured voting procedures, often within a legislative body.",Political Systems & Governance,formal-vote
Fossil Fuel Lobby,"Interest groups that advocate for the fossil fuel industry, often influencing legislation and public policy on energy.",Political Systems & Governance,fossil-fuel-lobby
Free and Fair Elections,"Electoral processes conducted transparently, without coercion or fraud, where all eligible voters can participate equally.",Political Systems & Governance,free-and-fair-elections
Free Choice,"The ability of individuals to make decisions without coercion or undue influence, particularly in political participation.",Political Systems & Governance,free-choice
Freedom of Press,"The right of media organizations to operate independently and report news without censorship or government interference.",Political Systems & Governance,freedom-of-press
Funds to Local Projects,"Government spending directed at specific constituencies, often for infrastructure or community development, sometimes tied to political incentives.",Political Systems & Governance,funds-to-local-projects
Geopolitical Realities,"The practical considerations of global power dynamics, geography, and national interests that shape foreign and domestic policy decisions.",Political Systems & Governance,geopolitical-realities






